f_over_f0,r_phase_over_r0,r_amp_over_r0,r_eff_over_r0,n_payload_soft_analytic,n_payload_soft_heterogeneous,classical_baseline,leff_varrho_1,leff_varrho_10,leff_varrho_100,leff_hetero_varrho_1,leff_hetero_varrho_10,leff_hetero_varrho_100,uplift_frac_varrho_1,uplift_frac_varrho_10,uplift_frac_varrho_100
0.25,4.0,4.0,2.8284271247461903,85000.0,72580.88830180217,255000.0,281.69922574817156,28.169922574817157,2.8169922574817154,240.54094163214347,24.054094163214348,2.405409416321435,0.001104702846071261,0.0001104702846071261,1.104702846071261e-05
0.2523289995641319,3.9630799540575206,4.0,2.8152831385701287,84211.82847212104,71977.67577428461,252635.4854163631,279.0871397580509,27.908713975805092,2.790871397580509,238.54182984434,23.854182984433997,2.3854182984434,0.001104702846071261,0.0001104702846071261,1.104702846071261e-05
0.2546796960841428,3.926500680563138,4.0,2.802079773286019,83423.79246849791,71374.04445010338,250271.37740549372,276.47550291002364,27.647550291002364,2.7647550291002365,236.54133011893768,23.65413301189377,2.3654133011893768,0.001104702846071261,0.0001104702846071261,1.104702846071261e-05
0.2570522916888357,3.890259034183246,4.0,2.788818470800266,82636.02742019028,70770.08277112475,247908.08226057084,273.8647640373209,27.386476403732093,2.7386476403732094,234.5397355618807,23.453973556188068,2.345397355618807,0.001104702846071261,0.0001104702846071261,1.104702846071261e-05
0.25944699039004543,3.854351898615697,4.0,2.7755006937297346,81848.66857200129,70165.87939968765,245546.00571600389,271.2553713558996,27.125537135589962,2.712553713558996,232.53734000978343,23.253734000978344,2.3253734000978343,0.001104702846071261,0.0001104702846071261,1.104702846071261e-05
0.26186399810018046,3.818776186321853,4.0,2.762127924620938,81061.85088968945,69561.52316857068,243185.55266906833,268.6477721569324,26.864777215693238,2.686477721569324,230.534437864116,23.0534437864116,2.30534437864116,0.001104702846071261,0.0001104702846071261,1.104702846071261e-05
0.2643035226499291,3.78352883826109,4.0,2.7487016651517955,80275.70896758769,68957.1030305504,240827.1269027631,266.0424125006471,26.60424125006471,2.6604241250064713,228.5313239240346,22.85313239240346,2.285313239240346,0.001104702846071261,0.0001104702846071261,1.104702846071261e-05
0.26676577380613004,3.748606823627765,4.0,2.735223435316964,79490.3769367633,68352.70800760793,238471.13081028993,263.43973691195924,26.343973691195924,2.6343973691195925,226.52829321804705,22.652829321804706,2.2652829321804706,0.001104702846071261,0.0001104702846071261,1.104702846071261e-05
0.26925096328980924,3.714007139590607,4.0,2.721694772597784,78705.98837385233,67748.42713984287,236117.965121557,260.84018807833877,26.08401880783388,2.6084018807833877,224.52564083470764,22.452564083470765,2.2452564083470765,0.001104702846071261,0.0001104702846071261,1.104702846071261e-05
0.2717593047943856,3.6797268110345103,4.0,2.7081172311178663,77922.67621069844,67144.34943415513,233768.02863209532,258.24420655034373,25.824420655034373,2.5824420655034372,222.5236617525433,22.25236617525433,2.225236617525433,0.001104702846071261,0.0001104702846071261,1.104702846071261e-05
0.27429101400404526,3.6457628903047183,4.0,2.6944923807854293,77140.57264492652,66540.56381275754,231421.71793477956,255.65223044525158,25.56522304452516,2.556522304452516,220.52265066941882,22.05226506694188,2.205226506694188,0.001104702846071261,0.0001104702846071261,1.104702846071261e-05
0.27684630861228815,3.612112456953359,4.0,2.680821806423443,76359.80905157668,65937.15906158286,229079.42715473005,253.0646951542044,25.30646951542044,2.530646951542044,218.52290183155208,21.85229018315521,2.1852290183155207,0.001104702846071261,0.0001104702846071261,1.104702846071261e-05
0.27942540834064644,3.5787726174883274,4.0,2.667107106888724,75580.51589592363,65334.223778652224,226741.5476877709,250.48203305328306,25.048203305328308,2.5048203305328305,216.5247088624013,21.65247088624013,2.165247088624013,0.001104702846071261,0.0001104702846071261,1.104702846071261e-05
0.28202853495757746,3.545740505124488,4.0,2.65334989418109,74802.82264760225,64731.846322471254,224408.46794280678,247.90467321890998,24.790467321890997,2.4790467321891,214.52836459164445,21.452836459164445,2.1452836459164444,0.001104702846071261,0.0001104702846071261,1.104702846071261e-05
0.2846559122975334,3.51301327953716,4.0,2.6395517925437044,74026.85769615725,64130.11476052333,222080.57308847178,245.33304114797144,24.533304114797144,2.4533304114797145,212.53416088448012,21.253416088448013,2.125341608844801,0.001104702846071261,0.0001104702846071261,1.104702846071261e-05
0.28730776628020754,3.480588126617896,4.0,2.625714437555783,73252.74826813187,63529.11681792971,219758.2448043956,242.76755848304072,24.27675584830407,2.427675584830407,210.5423884714817,21.05423884714817,2.105423884714817,0.001104702846071261,0.0001104702846071261,1.104702846071261e-05
0.2899843249299608,3.4484622582325013,4.0,2.6118394752187903,72480.62034580614,62928.939826347625,217441.86103741842,240.20864274306774,24.020864274306774,2.4020864274306772,208.55333677924006,20.855333677924005,2.0855333677924004,0.001104702846071261,0.0001104702846071261,1.104702846071261e-05
0.2926858183954288,3.416632911981287,4.0,2.5979285610372966,71710.59858769151,62329.670673178145,215131.79576307454,237.65670705988967,23.765670705988967,2.3765670705988966,206.56729376203293,20.656729376203295,2.065672937620329,0.001104702846071261,0.0001104702846071261,1.104702846071261e-05
0.295412478969311,3.3850973509615523,4.0,2.583983359095658,70942.80625088485,61731.39575115651,212828.41875265457,235.11215992090362,23.511215992090364,2.351121599209036,204.58454573476183,20.458454573476182,2.0458454573476184,0.001104702846071261,0.0001104702846071261,1.104702846071261e-05
0.29816454110834567,3.3538528635322353,4.0,2.5700055411316645,70177.36511537927,61134.20090839764,210532.09534613782,232.57540491822454,23.257540491822454,2.3257540491822453,202.60537720739742,20.26053772073974,2.026053772073974,0.001104702846071261,0.0001104702846071261,1.104702846071261e-05
0.30094224145346943,3.3228967630807533,4.0,2.555996785608325,69414.39541042596,60538.171398970764,208243.18623127788,230.0468405046403,23.00468405046403,2.300468405046403,200.63007072117844,20.063007072117845,2.006300707211784,0.001104702846071261,0.0001104702846071261,1.104702846071261e-05
0.3037458188501655,3.292226387791988,4.0,2.541958776784934,68654.0157430358,59943.39183407573,205962.04722910738,227.5268597566584,22.75268597566584,2.2752685975665843,198.65890668680473,19.86589066868047,1.9865890668680473,0.001104702846071261,0.0001104702846071261,1.104702846071261e-05
0.3065755143690013,3.2618391004194063,4.0,2.5278932037885538,67896.34302870382,59349.94613389462,203689.02908611146,225.0158501449192,22.50158501449192,2.250158501449192,196.69216322486827,19.669216322486825,1.9669216322486827,0.001104702846071261,0.0001104702846071261,1.104702846071261e-05
0.309431571326357,3.231732288058291,4.0,2.5138017596870554,67141.49242443596,58757.91748019127,201424.47727330786,222.51419331223923,22.25141933122392,2.2251419331223925,194.73011600876276,19.473011600876276,1.9473011600876275,0.001104702846071261,0.0001104702846071261,1.104702846071261e-05
0.31231423530534796,3.2019033619210644,4.0,2.4996861405648216,66389.57726415094,58167.38826973023,199168.7317924528,220.02226485952627,22.002226485952626,2.200222648595263,192.77303811030922,19.277303811030922,1.9277303811030921,0.001104702846071261,0.0001104702846071261,1.104702846071261e-05
0.3152237541769415,3.1723497571146866,4.0,2.485548044602219,65640.70899652535,57578.44006858655,196922.12698957606,217.54043413979096,21.754043413979097,2.1754043413979094,190.82119984833326,19.082119984833326,1.9082119984833326,0.001104702846071261,0.0001104702846071261,1.104702846071261e-05
0.31816037812127,3.143068932420114,4.0,2.4713891711599323,64894.99712534489,56991.1535674157,194684.99137603468,215.0690640604644,21.50690640604644,2.150690640604644,188.87486864042526,18.887486864042526,1.8887486864042526,0.001104702846071261,0.0001104702846071261,1.104702846071261e-05
0.321124359649144,3.114058370073781,4.0,2.457211219869201,64152.54915241781,56405.60853775161,192457.64745725342,212.60851089420726,21.260851089420726,2.1260851089420725,186.93430885810685,18.693430885810685,1.8693430885810685,0.001104702846071261,0.0001104702846071261,1.104702846071261e-05
0.324115953623764,3.085315575551109,4.0,2.4430158897290286,63413.470523103,55821.88378939937,190240.411569309,210.1591240983837,21.01591240983837,2.101591240983837,184.999781685626,18.4999781685626,1.84999781685626,0.001104702846071261,0.0001104702846071261,1.104702846071261e-05
0.32713541728263584,3.0568380773520096,4.0,2.4288048782113605,62677.86457449758,55240.05712898621,188033.59372349276,207.72124614334965,20.772124614334963,2.0772124614334966,183.07154498259035,18.307154498259035,1.8307154498259035,0.001104702846071261,0.0001104702846071261,1.104702846071261e-05
0.33018301025968944,3.0286234267883696,4.0,2.4145798803752347,61945.83248632439,54660.205319732704,185837.49745897317,205.2952123496884,20.52952123496884,2.052952123496884,181.1498531506446,18.11498531506446,1.8114985315064458,0.001104702846071261,0.0001104702846071261,1.104702846071261e-05
0.3332589946076038,3.000669197773495,4.0,2.4003425879908717,61217.47323455386,54082.40404250276,183652.41970366158,202.8813507345087,20.288135073450867,2.028813507345087,179.23495700438602,17.9234957004386,1.79234957004386,0.001104702846071261,0.0001104702846071261,1.104702846071261e-05
0.3363636348203405,2.972972986613499,4.0,2.3860946886746284,60492.883547788515,53506.72785818864,181478.65064336554,200.47998186689802,20.047998186689803,2.00479981866898,177.32710364670427,17.732710364670428,1.7732710364670428,0.001104702846071261,0.0001104702846071261,1.104702846071261e-05
0.33949719785588606,2.945532411800619,4.0,2.371837865035736,59772.1578664336,52933.25017148347,179316.47359930078,198.09141873260972,19.809141873260973,1.9809141873260971,175.42653634871957,17.542653634871957,1.7542653634871956,0.001104702846071261,0.0001104702846071261,1.104702846071261e-05
0.3426599531592076,2.918345113808433,4.0,2.3575737938356864,59055.38830467091,52362.043196090104,177166.1649140127,195.71596660804025,19.571596660804026,1.9571596660804025,173.53349443448113,17.353349443448113,1.7353349443448112,0.001104702846071261,0.0001104702846071261,1.104702846071261e-05
0.3458521726854207,2.891408754888978,4.0,2.34330414516111,58342.66461524818,51793.177921412345,175027.99384574452,193.35392294353716,19.335392294353717,1.9335392294353715,171.64821317057826,17.164821317057825,1.7164821317057826,0.001104702846071261,0.0001104702846071261,1.104702846071261e-05
0.3490741309231744,2.8647210188717303,4.0,2.329030581610951,57634.074157089846,51226.724080769105,172902.22247126955,191.0055772560578,19.10055772560578,1.910055772560578,169.7709236607985,16.97709236607985,1.6977092366079851,0.001104702846071261,0.0001104702846071261,1.104702846071261e-05
0.3523261049182537,2.8382796109644466,4.0,2.314754757498711,56929.70186573099,50662.75012116917,170789.10559719297,188.6712110311842,18.86712110311842,1.886712110311842,167.9018527459581,16.79018527459581,1.679018527459581,0.001104702846071261,0.0001104702846071261,1.104702846071261e-05
0.3556083742974014,2.812082257555844,4.0,2.3004783180704913,56229.63022656965,50101.32317467934,168688.89067970894,186.3510976344783,18.63510976344783,1.863510976344783,166.04122290901287,16.604122290901287,1.6604122290901286,0.001104702846071261,0.0001104702846071261,1.104702846071261e-05
0.35892122129236265,2.786126706020095,4.0,2.286202898739533,55533.93925092858,49542.509031413785,166601.81775278575,184.04550223214795,18.404550223214795,1.8404550223214795,164.18925218554187,16.418925218554186,1.6418925218554188,0.001104702846071261,0.0001104702846071261,1.104702846071261e-05
0.36226493076415317,2.760410724523137,4.0,2.271930124337911,54842.70645491204,48986.372114168655,164528.11936473614,181.75468172097615,18.175468172097617,1.8175468172097615,162.3461540796839,16.23461540796839,1.6234615407968391,0.001104702846071261,0.0001104702846071261,1.104702846071261e-05
0.36563979022755316,2.7349321018307595,4.0,2.2576616083860044,54156.00684103836,48432.97545472045,162468.0205231151,179.47888466744928,17.947888466744928,1.7947888466744928,160.51213748558763,16.051213748558762,1.6051213748558764,0.001104702846071261,0.0001104702846071261,1.104702846071261e-05
0.3690460898758303,2.7096886471184702,4.0,2.243398952380314,53473.91288262409,47882.38067180214,160421.7386478723,177.21835125600452,17.721835125600453,1.7721835125600451,158.6874066144221,15.868740661442208,1.5868740661442209,0.001104702846071261,0.0001104702846071261,1.104702846071261e-05
0.3724841226056919,2.6846781897831127,4.0,2.2291437451001785,52796.49451089204,47334.64795076617,158389.48353267612,174.97331324630443,17.497331324630444,1.7497331324630443,156.87216092697773,15.687216092697772,1.5687216092697773,0.001104702846071261,0.0001104702846071261,1.104702846071261e-05
0.37595418404247083,2.659898579256221,4.0,2.2148975619338764,52123.81910476919,46789.83602493832,156371.45731430757,172.74399393942628,17.274399393942627,1.7274399393942628,155.06659507187095,15.506659507187095,1.5506659507187095,0.001104702846071261,0.0001104702846071261,1.104702846071261e-05
0.3794565725655448,2.6353476848191018,4.0,2.200661964224587,51455.95148333868,46248.00215866192,154367.85445001605,170.5306081528469,17.053060815284688,1.7053060815284689,153.27089882935093,15.327089882935093,1.5327089882935092,0.001104702846071261,0.0001104702846071261,1.104702846071261e-05
0.38299158933399347,2.611023395419619,4.0,2.1864384986366168,50792.953900903645,45709.20213202671,152378.86170271094,168.33336220408384,16.833336220408384,1.6833336220408384,151.48525706068938,15.148525706068938,1.5148525706068938,0.001104702846071261,0.0001104702846071261,1.104702846071261e-05
0.3865595383124938,2.586923619490673,4.0,2.1722286965422777,50134.88604461873,45173.49022727214,150404.6581338562,166.152453902846,16.6152453902846,1.6615245390284599,149.70984966311948,14.97098496631195,1.4970984966311949,0.001104702846071261,0.0001104702846071261,1.104702846071261e-05
0.3901607262974572,2.5630462847703526,4.0,2.1580340734297563,49481.80503464066,44640.91921685039,148445.415103922,163.98807255153238,16.398807255153237,1.6398807255153238,147.94485153027563,14.794485153027562,1.4794485153027563,0.001104702846071261,0.0001104702846071261,1.104702846071261e-05
0.3937954629434099,2.5393893381237467,4.0,2.143856128332269,48833.76542674565,44111.540353129516,146501.29628023697,161.84039895390683,16.184039895390683,1.6184039895390683,146.19043251806838,14.619043251806838,1.4619043251806838,0.001104702846071261,0.0001104702846071261,1.104702846071261e-05
0.3974640607896193,2.515950745366403,4.0,2.129696343278764,48190.81921735873,43585.40335971373,144572.4576520762,159.70960543176543,15.970960543176542,1.5970960543176542,144.446757415919,14.4446757415919,1.44446757415919,0.001104702846071261,0.0001104702846071261,1.104702846071261e-05
0.40116683528696784,2.4927284910894167,4.0,2.1155561827663996,47553.0158509371,43062.55642435282,142659.0475528113,157.595855849406,15.7595855849406,1.57595855849406,142.71398592326048,14.271398592326047,1.4271398592326048,0.001104702846071261,0.0001104702846071261,1.104702846071261e-05
0.40490410482507805,2.469720578486129,4.0,2.1014370932549613,46920.40222964602,42543.046193409544,140761.20668893805,155.4993056456949,15.54993056456949,1.554993056456949,140.99227263120196,14.099227263120195,1.4099227263120195,0.001104702846071261,0.0001104702846071261,1.104702846071261e-05
0.4086761907596894,2.44692502918043,4.0,2.0873405026833876,46293.02272526445,42026.917767850544,138879.06817579333,153.4201018735236,15.342010187352361,1.534201018735236,139.28176700924203,13.928176700924203,1.3928176700924204,0.001104702846071261,0.0001104702846071261,1.104702846071261e-05
0.4124834174402911,2.4243398830566436,4.0,2.073267820008488,45670.91919325421,41514.214700722165,137012.75757976263,151.35838324643552,15.135838324643553,1.5135838324643551,137.58261339690347,13.758261339690346,1.3758261339690347,0.001104702846071261,0.0001104702846071261,1.104702846071261e-05
0.4163261122380115,2.401963198090984,4.0,2.0592204347659417,45054.13098892487,41004.97899607083,135162.3929667746,149.3142801921981,14.931428019219812,1.493142801921981,135.89495100015517,13.589495100015517,1.3589495100015518,0.001104702846071261,0.0001104702846071261,1.104702846071261e-05
0.4202046055737678,2.3797930501845674,4.0,2.0451997166535993,44442.69498562461,40499.251109264165,133328.08495687382,147.2879149130894,14.72879149130894,1.472879149130894,134.2189138924764,13.421891389247639,1.342189138924764,0.001104702846071261,0.0001104702846071261,1.104702846071261e-05
0.424119230946678,2.3578275329979648,4.0,2.0312070151371002,43836.64559488554,39997.06994866712,131509.9367846566,145.27940145266177,14.527940145266177,1.4527940145266178,132.55463102041162,13.255463102041162,1.3255463102041163,0.001104702846071261,0.0001104702846071261,1.104702846071261e-05
0.42807032496273717,2.3360647577872826,4.0,2.017243659077761,43236.01478845022,39498.472878625544,129708.04436535067,143.28884576874026,14.328884576874026,1.4328884576874026,130.90222621345845,13.090222621345845,1.3090222621345844,0.001104702846071261,0.0001104702846071261,1.104702846071261e-05
0.43205822736376137,2.3145028532417538,4.0,2.003310956382676,42640.83212210551,39003.49572370774,127922.49636631653,141.31634581241042,14.131634581241041,1.4131634581241042,129.2618181981246,12.92618181981246,1.292618181981246,0.001104702846071261,0.0001104702846071261,1.104702846071261e-05
0.43608328105660066,2.293139965322832,4.0,1.9894101936769315,42051.12476124793,38512.172774153645,126153.37428374379,139.3619916127448,13.936199161274478,1.3936199161274478,127.633520615987,12.763352061598699,1.27633520615987,0.001104702846071261,0.0001104702846071261,1.104702846071261e-05
0.44014583214262487,2.271974257104768,4.0,1.9755426359978043,41466.91750810475,38024.53679247986,124400.75252431424,137.42586536701657,13.742586536701657,1.3742586536701658,126.01744204558165,12.601744204558164,1.2601744204558165,0.001104702846071261,0.0001104702846071261,1.104702846071261e-05
0.4442462299474836,2.251003908616658,4.0,1.9617095265107862,40888.232830533714,37540.61902118857,122664.69849160114,135.5080415361449,13.55080415361449,1.355080415361449,124.41368602795178,12.441368602795178,1.2441368602795178,0.001104702846071261,0.0001104702846071261,1.104702846071261e-05
0.44838482705114335,2.2302271166859504,4.0,1.9479120862472536,40315.09089232387,37060.44919152788,120945.2726769716,133.60858694511526,13.360858694511526,1.3360858694511526,122.82235109568063,12.282235109568063,1.2282235109568063,0.001104702846071261,0.0001104702846071261,1.104702846071261e-05
0.45256197931820535,2.2096420947833977,4.0,1.9341515138635614,39747.50958492,36584.05553325075,119242.52875476,131.72756088811755,13.172756088811756,1.3172756088811755,121.2435308052335,12.12435308052335,1.2124353080523351,0.001104702846071261,0.0001104702846071261,1.104702846071261e-05
0.4567780459285046,2.189247072869437,4.0,1.9204289854213332,39185.50456049312,36111.4647853205,117556.51368147937,129.8650152381454,12.986501523814539,1.298650152381454,119.67731377243703,11.967731377243704,1.1967731377243702,0.001104702846071261,0.0001104702846071261,1.104702846071261e-05
0.4610333894079947,2.169040297241992,4.0,1.906745654188674,38629.08926627857,35642.70220751063,115887.2677988357,128.0209945607962,12.80209945607962,1.2802099456079619,118.12378371092223,11.812378371092223,1.1812378371092223,0.001104702846071261,0.0001104702846071261,1.104702846071261e-05
0.46532837565992063,2.1490200303856763,4.0,1.8931026504620292,38078.274980105074,35177.79159284772,114234.82494031521,126.1955362320185,12.619553623201849,1.261955362320185,116.58301947336167,11.658301947336167,1.1658301947336167,0.001104702846071261,0.0001104702846071261,1.104702846071261e-05
0.46966337399628144,2.1291845508223886,4.0,1.8795010814083708,37533.07084703688,34716.75528084707,112599.21254111064,124.38867055954775,12.438867055954775,1.2438867055954774,115.05509509533373,11.505509509533372,1.1505509509533374,0.001104702846071261,0.0001104702846071261,1.104702846071261e-05
0.47403875716958577,2.1095321529632933,4.0,1.8659420309273977,36993.48391705303,34259.61417149117,110980.4517511591,122.60042090777972,12.260042090777972,1.2260042090777972,113.54007984164882,11.354007984164882,1.1354007984164882,0.001104702846071261,0.0001104702846071261,1.104702846071261e-05
0.47845490140490426,2.090061146962157,4.0,1.8524265595333813,36459.51918368723,33806.38773990298,109378.5575510617,120.83080382582708,12.083080382582708,1.2083080382582707,112.03803825497822,11.203803825497822,1.1203803825497822,0.001104702846071261,0.0001104702846071261,1.104702846071261e-05
0.48291218643221956,2.0707698585700482,4.0,1.8389557042563116,35931.179623553784,33357.094051666456,107793.53887066134,119.0798291785127,11.90798291785127,1.190798291785127,110.549030206628,11.0549030206628,1.10549030206628,0.001104702846071261,0.0001104702846071261,1.104702846071261e-05
0.48741099551907807,2.051656628991371,4.0,1.8255304785619415,35408.46623668503,32911.749778748585,106225.3987100551,117.34750028005233,11.734750028005234,1.1734750028005232,109.07311094930627,10.907311094930627,1.0907311094930627,0.001104702846071261,0.0001104702846071261,1.104702846071261e-05
0.4919517155035463,2.032719814741232,4.0,1.8121518722903474,34891.3780876075,32470.370215978237,104674.13426282251,115.63381403018532,11.563381403018532,1.1563381403018531,107.610331171736,10.7610331171736,1.07610331171736,0.001104702846071261,0.0001104702846071261,1.104702846071261e-05
0.49653473682747323,2.0139577875041232,4.0,1.7988208516125794,34379.91234708468,32032.96929803877,103139.73704125405,113.9387610525148,11.393876105251481,1.1393876105251481,106.16073705497026,10.616073705497026,1.0616073705497024,0.001104702846071261,0.0001104702846071261,1.104702846071261e-05
0.5011604535700636,1.9953689339939058,4.0,1.7855383590049838,33874.064334455994,31599.559616932394,101622.19300336798,112.2623258348236,11.22623258348236,1.122623258348236,104.72437033027111,10.472437033027111,1.047243703302711,0.001104702846071261,0.0001104702846071261,1.104702846071261e-05
0.5058292634817629,1.9769516558150926,4.0,1.7723053132407594,33373.82756050265,31170.152439876245,100121.48268150794,110.6044868711363,11.060448687113631,1.106044868711363,103.30126833841905,10.330126833841906,1.0330126833841904,0.001104702846071261,0.0001104702846071261,1.104702846071261e-05
0.5105415680184597,1.958704369325404,4.0,1.759122609398293,32879.19377077276,30744.75772759084,98637.58131231829,108.96521680530344,10.896521680530345,1.0896521680530344,101.891464090323,10.1891464090323,1.01891464090323,0.001104702846071261,0.0001104702846071261,1.104702846071261e-05
0.5152977723760047,1.9406255054995962,4.0,1.7459911188858246,32390.152989299342,30323.38415294372,97170.45896789803,107.34448257588764,10.734448257588763,1.0734448257588765,100.4949863288073,10.04949863288073,1.004949863288073,0.001104702846071261,0.0001104702846071261,1.104702846071261e-05
0.5200982855250522,1.9227135097945478,4.0,1.7329116894819734,31906.69356264722,29906.039119911926,95720.08068794166,105.7422455621399,10.57422455621399,1.057422455621399,99.11185959145553,9.911185959145552,0.9911185959145553,0.001104702846071261,0.0001104702846071261,1.104702846071261e-05
0.5249435202462268,1.904966842015587,4.0,1.719885145391648,31428.80220422528,29492.728782828533,94286.40661267584,104.15846173085517,10.415846173085516,1.0415846173085517,97.74210427439543,9.774210427439543,0.9774210427439542,0.001104702846071261,0.0001104702846071261,1.104702846071261e-05
0.5298338931656162,1.8873839761840576,4.0,1.7069122873168683,30956.46403880385,29083.458065879768,92869.39211641155,102.59308178390776,10.259308178390777,1.0259308178390776,96.38573669691466,9.638573669691466,0.9638573669691466,0.001104702846071261,0.0001104702846071261,1.104702846071261e-05
0.5347698247905964,1.8699634004061036,4.0,1.6939938925420108,30489.66264717736,28678.23068282063,91468.98794153208,101.04605130626834,10.104605130626833,1.0104605130626834,95.04276916680034,9.504276916680034,0.9504276916680034,0.001104702846071261,0.0001104702846071261,1.104702846071261e-05
0.5397517395459893,1.8527036167426663,4.0,1.6811307150329908,30028.380110915437,28277.04915687806,90085.14033274632,99.5173109143138,9.95173109143138,0.995173109143138,93.71321004630043,9.371321004630044,0.9371321004630043,0.001104702846071261,0.0001104702846071261,1.104702846071261e-05
0.5447800658105576,1.8356031410806817,4.0,1.6683234855498918,29572.59705714674,27879.914840812253,88717.79117144021,98.0067964042458,9.80067964042458,0.980067964042458,92.39706381860906,9.239706381860906,0.9239706381860906,0.001104702846071261,0.0001104702846071261,1.104702846071261e-05
0.5498552359538399,1.8186605030054666,4.0,1.655572911772549,29122.292703322262,27486.82793710789,87366.87810996678,96.51443890044126,9.651443890044126,0.9651443890044127,91.09433115478241,9.109433115478241,0.910943311547824,0.001104702846071261,0.0001104702846071261,1.104702846071261e-05
0.5549776863733286,1.8018742456742827,4.0,1.6428796784385946,28677.444901906565,27097.787518268327,86032.3347057197,95.04016500356387,9.504016500356387,0.9504016500356387,89.80500898099595,8.980500898099596,0.8980500898099595,0.001104702846071261,0.0001104702846071261,1.104702846071261e-05
0.5601478575319943,1.7852429256910662,4.0,1.6302444474934685,28238.030184947398,26712.79154718731,84714.0905548422,93.5838969382727,9.35838969382727,0.935838969382727,88.52909054605844,8.852909054605844,0.8852909054605844,0.001104702846071261,0.0001104702846071261,1.104702846071261e-05
0.5653661939961602,1.7687651129823156,4.0,1.6176678582519062,27804.02380847641,26331.83689757415,83412.07142542923,92.14555270037097,9.214555270037097,0.9214555270037097,87.26656548910323,8.726656548910324,0.8726656548910323,0.001104702846071261,0.0001104702846071261,1.104702846071261e-05
0.5706331444737281,1.752439390674125,4.0,1.6051505275704097,27375.39979669537,25954.919374409714,82126.19939008611,90.72504620324398,9.072504620324398,0.9072504620324398,86.01741990738158,8.601741990738159,0.8601741990738158,0.001104702846071261,0.0001104702846071261,1.104702846071261e-05
0.5759491618527625,1.7362643549703494,4.0,1.5926930500302139,26952.130985904543,25582.03373441207,80856.39295771363,89.32228742344252,8.932228742344252,0.8932228742344251,84.78163642408808,8.478163642408807,0.8478163642408808,0.001104702846071261,0.0001104702846071261,1.104702846071261e-05
0.5813147032404314,1.7202386150319005,4.0,1.5802959981302647,26534.18906813188,25213.173706492402,79602.56720439564,87.9371825452747,8.79371825452747,0.879371825452747,83.55919425615373,8.355919425615372,0.8355919425615373,0.001104702846071261,0.0001104702846071261,1.104702846071261e-05
0.5867302300023132,1.7043607928571491,4.0,1.5679599224897227,26121.544634423506,24848.332012183255,78364.63390327051,86.56963410427538,8.656963410427538,0.8656963410427538,82.3500692819474,8.23500692819474,0.823500692819474,0.001104702846071261,0.0001104702846071261,1.104702846071261e-05
0.5921962078020669,1.6886295231634372,4.0,1.555685352059521,25714.16721775841,24487.50038602315,77142.50165327523,85.21954112943011,8.52195411294301,0.8521954112943011,81.15423410883264,8.115423410883263,0.8115423410883263,0.001104702846071261,0.0001104702846071261,1.104702846071261e-05
0.5977131066414734,1.6730434532696814,4.0,1.543472794342503,25312.025335551705,24130.66959588331,75936.07600665512,83.8867992840355,8.388679928403551,0.8388679928403551,79.97165814053263,7.997165814053263,0.7997165814053262,0.001104702846071261,0.0001104702846071261,1.104702846071261e-05
0.6032814009008493,1.6576012429800606,4.0,1.531322735621673,24915.08653171335,23777.829463224145,74745.25959514006,82.57130100508644,8.257130100508643,0.8257130100508644,78.8023076442624,7.88023076442624,0.788023076442624,0.001104702846071261,0.0001104702846071261,1.104702846071261e-05
0.6089015693798372,1.6423015644687766,4.0,1.5192356411960988,24523.31741823054,23428.96888327121,73569.95225469163,81.27293564108463,8.127293564108463,0.8127293564108463,77.64614581759416,7.764614581759416,0.7764614581759416,0.001104702846071261,0.0001104702846071261,1.104702846071261e-05
0.6145740953385768,1.6271431021658782,4.0,1.5072119556240193,24136.683716244796,23084.075845102372,72410.05114873439,79.99158958817246,7.999158958817246,0.7999158958817246,76.50313285502833,7.650313285502833,0.7650313285502832,0.001104702846071261,0.0001104702846071261,1.104702846071261e-05
0.6202994665392582,1.6121245526441397,4.0,1.4952521029727028,23755.150296595584,22743.137451639945,71265.45088978675,78.72714642449911,7.872714642449911,0.7872714642449911,75.3732260142496,7.537322601424959,0.753732260142496,0.001104702846071261,0.0001104702846071261,1.104702846071261e-05
0.626078175288063,1.5972446245069842,4.0,1.4833564870746248,23378.681219805192,22406.13993954382,70136.04365941558,77.4794870427346,7.74794870427346,0.7747948704273461,74.25637968205503,7.4256379682055025,0.7425637968205503,0.001104702846071261,0.0001104702846071261,1.104702846071261e-05
0.6319107184774968,1.5825020382774395,4.0,1.47152549178953,23007.239775480688,22073.068699003492,69021.71932644206,76.2484897806523,7.624848978065231,0.7624848978065231,73.15254543994688,7.315254543994688,0.7315254543994688,0.001104702846071261,0.0001104702846071261,1.104702846071261e-05
0.6377975976291143,1.567895526288122,4.0,1.4597594812719639,22640.78852111105,21743.908293429417,67922.36556333315,75.03403054970674,7.503403054970674,0.7503403054970674,72.06167212939192,7.206167212939192,0.7206167212939192,0.001104702846071261,0.0001104702846071261,1.104702846071261e-05
0.6437393189366448,1.55342383257223,4.0,1.4480588002438486,22279.289320238826,21418.642479045608,66837.86796071648,73.83598296153865,7.383598296153865,0.7383598296153865,70.98370591675348,7.098370591675348,0.7098370591675348,0.001104702846071261,0.0001104702846071261,1.104702846071261e-05
0.649736393309517,1.5390857127555524,4.0,1.4364237742717176,21922.703379988194,21097.254224388118,65768.11013996458,72.65421845234704,7.2654218452347035,0.7265421845234704,69.91859035791147,6.991859035791147,0.6991859035791147,0.001104702846071261,0.0001104702846071261,1.104702846071261e-05
0.6557893364167912,1.524879933949465,4.0,1.4248547100481945,21570.99128793182,20779.725729715265,64712.973863795465,71.48860640506997,7.148860640506998,0.7148860640506998,68.86626646258999,6.886626646258999,0.6886626646258999,0.001104702846071261,0.0001104702846071261,1.104702846071261e-05
0.6618986687314995,1.5108052746449199,4.0,1.4133518956773468,21224.113048281713,20466.038446337738,63672.339144845144,70.33901426932499,7.033901426932499,0.70339014269325,67.82667275841945,6.782667275841945,0.6782667275841945,0.001104702846071261,0.0001104702846071261,1.104702846071261e-05
0.6680649155754002,1.4968605246074123,4.0,1.4019156009635332,20882.02811739004,20156.17309587814,62646.08435217012,69.20530767906263,6.920530767906262,0.6920530767906263,66.79974535476468,6.679974535476468,0.6679974535476468,0.001104702846071261,0.0001104702846071261,1.104702846071261e-05
0.6742886071641481,1.4830444847729143,4.0,1.3905460777033765,20544.6954385476,19850.109689470995,61634.086315642795,68.08735056789236,6.808735056789236,0.6808735056789236,65.78541800635597,6.5785418006355965,0.6578541800635597,0.001104702846071261,0.0001104702846071261,1.104702846071261e-05
0.6805702786528859,1.4693559671447747,4.0,1.3792435599805146,20212.073476069567,19547.827546915527,60636.220428208704,66.98500528204649,6.698500528204649,0.6698500528204648,64.78362217676334,6.4783622176763345,0.6478362217676334,0.001104702846071261,0.0001104702846071261,1.104702846071261e-05
0.6869104701822608,1.4557937946915642,4.0,1.3680082644627782,19884.120248658666,19249.305315794492,59652.360745975995,65.89813269094925,6.589813269094925,0.6589813269094925,63.79428710175849,6.37942871017585,0.637942871017585,0.001104702846071261,0.0001104702846071261,1.104702846071261e-05
0.6933097269248695,1.4423568012458665,4.0,1.3568403907014608,19560.79336203824,18954.520990573114,58682.38008611472,64.82659229536642,6.482659229536642,0.6482659229536643,62.81733985261073,6.281733985261073,0.6281733985261073,0.001104702846071261,0.0001104702846071261,1.104702846071261e-05
0.6997685991321353,1.429043831404005,4.0,1.3457401214323639,19242.050040848437,18663.45193169265,57726.15012254531,63.77024233311268,6.377024233311268,0.6377024233311268,61.85270539936513,6.185270539936512,0.6185270539936513,0.001104702846071261,0.0001104702846071261,1.104702846071261e-05
0.7062876421816232,1.4158537404266915,4.0,1.334707622878293,18927.847159800123,18376.07488467326,56783.541479400374,62.728939882299095,6.272893988229909,0.627289398822991,60.90030667415151,6.090030667415151,0.609003066741515,0.001104702846071261,0.0001104702846071261,1.104702846071261e-05
0.7128674166247944,1.4027853941405952,4.0,1.3237430450527112,18618.141274082634,18092.36599924078,55854.4238222479,61.7025409621077,6.17025409621077,0.617025409621077,59.96006463457262,5.996006463457261,0.5996006463457262,0.001104702846071261,0.0001104702846071261,1.104702846071261e-05
0.7195084882352064,1.3898376688408174,4.0,1.3128465220642491,18312.888649022076,17812.30084849152,54938.66594706623,60.69090063108233,6.0690900631082325,0.6069090063108233,59.03189832721836,5.903189832721836,0.5903189832721836,0.001104702846071261,0.0001104702846071261,1.104702846071261e-05
0.7262114280571627,1.3770094511942692,4.0,1.3020181724217943,18012.04528898876,17535.854448108545,54036.13586696628,59.693873082931,5.9693873082931,0.59693873082931,58.11572495135067,5.811572495135067,0.5811572495135067,0.001104702846071261,0.0001104702846071261,1.104702846071261e-05
0.7329768124548137,1.3642996381439387,4.0,1.2912580993398852,17715.566965552815,17263.00127564178,53146.70089665844,58.711311739836624,5.871131173983662,0.5871131173983662,57.21145992279985,5.721145992279984,0.5721145992279985,0.001104702846071261,0.0001104702846071261,1.104702846071261e-05
0.739805223161718,1.351707136814043,4.0,1.2805663910441492,17423.409244888266,16993.715289862943,52270.2277346648,57.74306934327716,5.774306934327717,0.5774306934327716,56.319016938108895,5.63190169381089,0.5631901693810889,0.001104702846071261,0.0001104702846071261,1.104702846071261e-05
0.7466972473308628,1.3392308644160547,4.0,1.26994312107653,17135.527514426976,16727.96995020475,51406.58254328093,56.788998042359644,5.678899804235964,0.5678899804235964,55.43830803895716,5.543830803895716,0.5543830803895716,0.001104702846071261,0.0001104702846071261,1.104702846071261e-05
0.7536534775851513,1.3268697481555976,4.0,1.2593883486000688,16851.87700876459,16465.738236291938,50555.63102629377,55.84894947967528,5.584894947967528,0.5584894947967528,54.56924367688827,5.456924367688827,0.5456924367688827,0.001104702846071261,0.0001104702846071261,1.104702846071261e-05
0.7606745120683607,1.3146227251401996,4.0,1.2489021187030018,16572.412834821498,16206.992667569408,49717.23850446449,54.922774874685615,5.492277487468561,0.5492277487468562,53.71173277835995,5.371173277835995,0.5371173277835996,0.001104702846071261,0.0001104702846071261,1.104702846071261e-05
0.7677609544965747,1.3024887422878986,4.0,1.2384844627019556,16297.089996262861,15951.705323030583,48891.26998878858,54.01032510465318,5.401032510465318,0.5401032510465318,52.865682810125904,5.28656828101259,0.528656828101259,0.001104702846071261,0.0001104702846071261,1.104702846071261e-05
0.7749134142100949,1.2904667562366905,4.0,1.2281353984440284,16025.86341718227,15699.847861046605,48077.59025154681,53.11145078313168,5.311145078313168,0.5311145078313168,52.03099984495195,5.203099984495195,0.5203099984495195,0.001104702846071261,0.0001104702846071261,1.104702846071261e-05
0.7821325062258362,1.2785557332548148,4.0,1.217854930607555,15758.687965054532,15451.391539294089,47276.0638951636,52.226002336034014,5.222600233603401,0.5222600233603402,51.20758862765875,5.120758862765875,0.5120758862765875,0.001104702846071261,0.0001104702846071261,1.104702846071261e-05
0.7894188512902098,1.2667546491518675,4.0,1.2076430510013627,15495.518472963722,15206.307234776603,46486.55541889116,51.353830075298475,5.135383007529848,0.5135383007529848,50.395352641475164,5.039535264147516,0.5039535264147517,0.001104702846071261,0.0001104702846071261,1.104702846071261e-05
0.7967730759324997,1.255062489190733,4.0,1.1974997388623354,15236.309761113218,14964.565463932156,45708.929283339654,50.49478427017532,5.049478427017532,0.5049478427017532,49.59419417467666,4.959419417467666,0.4959419417467666,0.001104702846071261,0.0001104702846071261,1.104702846071261e-05
0.8041958125187351,1.243478248000332,4.0,1.1874249611511118,14981.016657625143,14726.13640281605,44943.04997287543,49.6487152161584,4.96487152161584,0.496487152161584,48.80401438747348,4.880401438747348,0.4880401438747348,0.001104702846071261,0.0001104702846071261,1.104702846071261e-05
0.8116876993060667,1.2320009294891698,4.0,1.1774186728457507,14729.594018637148,14490.989907345604,44188.78205591145,48.81547330158804,4.881547330158805,0.4881547330158804,48.02471337910382,4.802471337910382,0.4802471337910382,0.001104702846071261,0.0001104702846071261,1.104702846071261e-05
0.819249380497647,1.2206295467596904,4.0,1.1674808172332145,14481.99674770505,14259.09553359064,43445.99024311515,47.99490907195354,4.799490907195354,0.47994909071953545,47.25619025507876,4.725619025507876,0.47256190255078756,0.001104702846071261,0.0001104702846071261,1.104702846071261e-05
0.8268815062980245,1.2093631220234113,4.0,1.1576113261985108,14238.179814520174,14030.422558090593,42714.53944356052,47.18687329192445,4.718687329192445,0.47186873291924447,46.4983431945153,4.64983431945153,0.464983431945153,0.001104702846071261,0.0001104702846071261,1.104702846071261e-05
0.8345847329690521,1.1982006865168497,4.0,1.1478101205113673,13998.098272950894,13804.939998176955,41994.29481885268,46.39121700514217,4.639121700514217,0.46391217005142166,45.75106951748721,4.575106951748721,0.4575106951748721,0.001104702846071261,0.0001104702846071261,1.104702846071261e-05
0.8423597228863164,1.1871412804182215,4.0,1.1380771101102984,13761.707278418216,13582.616632277111,41285.12183525465,45.60779159180458,4.560779159180457,0.45607791591804575,45.01426575231412,4.501426575231411,0.45014265752314114,0.001104702846071261,0.0001104702846071261,1.104702846071261e-05
0.8502071445960948,1.1761839527649074,4.0,1.1284121943839445,13528.96210461538,13363.421020173506,40586.886313846146,44.83644882407655,4.4836448824076545,0.44836448824076547,44.28782770270256,4.428782770270256,0.4428782770270256,0.001104702846071261,0.0001104702846071261,1.104702846071261e-05
0.8581276728728394,1.1653277613716855,4.0,1.1188152624495733,13299.818159582393,13147.321523190434,39899.45447874718,44.07704091936273,4.407704091936273,0.4407704091936273,43.57165051464726,4.357165051464726,0.4357165051464726,0.001104702846071261,0.0001104702846071261,1.104702846071261e-05
0.8661219887772009,1.1545717727497131,4.0,1.1092861934286256,13074.23100114581,12934.28632427859,39222.69300343743,43.32942059147667,4.332942059147667,0.4332942059147667,42.865628742993444,4.286562874299344,0.42865628742993445,0.001104702846071261,0.0001104702846071261,1.104702846071261e-05
0.8741907797145899,1.1439150620262604,4.0,1.0998248567192168,12852.156351735364,12724.283447966864,38556.46905520609,42.59344109974467,4.259344109974467,0.4259344109974467,42.169656417559295,4.216965641755929,0.421696564175593,0.001104702846071261,0.0001104702846071261,1.104702846071261e-05
0.8823347394942836,1.1333567128651842,4.0,1.0904311122654962,12633.550112588528,12517.280780149214,37900.65033776558,41.868956296081336,4.186895629608133,0.4186895629608134,41.483627108711794,4.148362710871179,0.41483627108711796,0.001104702846071261,0.0001104702846071261,1.104702846071261e-05
0.8905545683890864,1.1228958173881338,4.0,1.0811048108237742,12418.368377354529,12313.246087674139,37255.10513206359,41.15582067007469,4.115582067007469,0.4115582067007469,40.807433992288324,4.080743399228832,0.4080743399228832,0.001104702846071261,0.0001104702846071261,1.104702846071261e-05
0.898850973195542,1.1125314760964868,4.0,1.0718457942253492,12206.567445109804,12112.147037703886,36619.70233532941,40.45388939212081,4.0453889392120805,0.40453889392120806,40.14096991375523,4.0140969913755224,0.40140969913755226,0.001104702846071261,0.0001104702846071261,1.104702846071261e-05
0.90722466729471,1.1022627977940025,4.0,1.0626538956359497,11998.103832796514,11913.951216810396,35994.31149838954,39.76301835464644,3.976301835464644,0.3976301835464644,39.48412745149382,3.948412745149382,0.39484127451493817,0.001104702846071261,0.0001104702846071261,1.104702846071261e-05
0.9156763707135066,1.092088899510192,4.0,1.0535289398117365,11792.93428709644,11718.62614977554,35378.80286128932,39.08306421146038,3.908306421146038,0.39083064211460383,38.836798979106426,3.8836798979106426,0.38836798979106424,0.001104702846071261,0.0001104702846071261,1.104702846071261e-05
0.9242068101866173,1.0820089064243947,4.0,1.0444707433517963,11591.015795752202,11526.139318063713,34773.04738725661,38.4138844152732,3.8413884415273203,0.38413884415273203,38.19887672663654,3.819887672663654,0.38198876726636544,0.001104702846071261,0.0001104702846071261,1.104702846071261e-05
0.9328167192189871,1.0720219517905543,4.0,1.0354791149470786,11392.305598348092,11336.458177936014,34176.91679504428,37.75533725342609,3.7755337253426093,0.3775533725342609,37.57025284060121,3.7570252840601213,0.37570252840601215,0.001104702846071261,0.0001104702846071261,1.104702846071261e-05
0.941506838148891,1.0621271768626908,4.0,1.0265538556257237,11196.761196562915,11149.550178176543,33590.28358968874,37.10728188186993,3.710728188186993,0.3710728188186993,36.95081944273789,3.695081944273789,0.36950819442737887,0.001104702846071261,0.0001104702846071261,1.104702846071261e-05
0.950277914211595,1.0523237308210591,4.0,1.017694758994743,11004.340363907033,10965.382777402905,33013.0210917211,36.46957835743487,3.646957835743487,0.3646957835743487,36.34046868737333,3.6340468687373333,0.3634046868737333,0.001104702846071261,0.0001104702846071261,1.104702846071261e-05
0.9591307016036074,1.04261077069899,4.0,1.0089016114780085,10815.001154956051,10783.92346093511,32445.003464868154,35.84208766843177,3.5842087668431772,0.3584208766843177,35.739092817328974,3.5739092817328975,0.3573909281732897,0.001104702846071261,0.0001104702846071261,1.104702846071261e-05
0.9680659615475288,1.032987461310407,4.0,1.0001741925505274,10628.701914093555,10605.139757199044,31886.105742280666,35.22467176362663,3.522467176362663,0.3522467176362663,35.1465842182838,3.51465842182838,0.351465842182838,0.001104702846071261,0.0001104702846071261,1.104702846071261e-05
0.9770844623575097,1.0234529751780104,4.0,0.9915122749689639,10445.401283775132,10428.999253643005,31336.203851325397,34.61719357962838,3.4617193579628376,0.3461719357962838,34.56283547152346,3.4562835471523456,0.34562835471523456,0.001104702846071261,0.0001104702846071261,1.104702846071261e-05
0.9861869795053125,1.0140064924621255,4.0,0.9829156249983945,10265.058212326083,10255.469612148723,30795.17463697825,34.01951706673138,3.401951706673138,0.3401951706673138,33.987739405014075,3.3987739405014077,0.3398773940501407,0.001104702846071261,0.0001104702846071261,1.104702846071261e-05
0.9953742956869943,1.004647200890207,4.0,0.9743840026352724,10087.631961285053,10084.51858392041,30262.89588385516,33.43150721325304,3.343150721325304,0.3343150721325304,33.4211891427462,3.34211891427462,0.334211891427462,0.001104702846071261,0.0001104702846071261,1.104702846071261e-05
1.0046472008902072,0.995374295686994,4.0,0.9659171618265906,9913.082112305821,9916.114023838738,29739.246336917466,32.853030068407044,3.2853030068407043,0.32853030068407046,32.86307815230539,3.286307815230539,0.3286307815230539,0.001104702846071261,0.0001104702846071261,1.104702846071261e-05
1.0140064924621257,0.9861869795053123,4.0,0.9575148506852342,9741.368573629394,9750.223904269234,29224.105720888183,32.283952763752595,3.2283952763752595,0.32283952763752594,32.3133002906348,3.23133002906348,0.323133002906348,0.001104702846071261,0.0001104702846071261,1.104702846071261e-05
1.023452975178011,0.9770844623575091,4.0,0.9491768117015078,9572.451586138297,9586.816328317424,28717.35475841489,31.724143533259,3.1724143533259,0.31724143533258997,31.771749847964085,3.1771749847964084,0.31771749847964087,0.001104702846071261,0.0001104702846071261,1.104702846071261e-05
1.0329874613104075,0.9680659615475284,4.0,0.9409027819508501,9406.29172900527,9425.859542526376,28218.87518701581,31.173471732026055,3.1173471732026057,0.31173471732026053,31.238321589890525,3.1238321589890523,0.3123832158989053,0.001104702846071261,0.0001104702846071261,1.104702846071261e-05
1.0426107706989902,0.9591307016036071,4.0,0.932692493297723,9242.849924947934,9267.321949014653,27728.5497748438,30.63180785369857,3.063180785369857,0.3063180785369857,30.71291079760546,3.071291079760546,0.3071291079760546,0.001104702846071261,0.0001104702846071261,1.104702846071261e-05
1.0523237308210593,0.9502779142115948,4.0,0.9245456725956879,9082.087445101262,9111.172117055936,27246.262335303785,30.099023546614298,3.00990235466143,0.30099023546614295,30.195413306270428,3.019541330627043,0.3019541330627043,0.001104702846071261,0.0001104702846071261,1.104702846071261e-05
1.062127176862691,0.9415068381488909,4.0,0.9164620418836766,8923.965913519478,8957.378794104017,26771.897740558434,29.574991628723666,2.9574991628723666,0.2957499162872367,29.685725541555204,2.9685725541555206,0.296857255415552,0.001104702846071261,0.0001104702846071261,1.104702846071261e-05
1.072021951790555,0.9328167192189866,4.0,0.9084413185784629,8768.447311318623,8805.910916269486,26305.341933955868,29.05958610131874,2.905958610131874,0.2905958610131874,29.18374455435866,2.918374455435866,0.2918374455435866,0.001104702846071261,0.0001104702846071261,1.104702846071261e-05
1.0820089064243952,0.924206810186617,4.0,0.9004832156633554,8615.493980471307,8656.737618256997,25846.48194141392,28.55268216160941,2.8552682161609413,0.2855268216160941,28.689368053741962,2.8689368053741964,0.2868936805374196,0.001104702846071261,0.0001104702846071261,1.104702846071261e-05
1.0920888995101923,0.9156763707135064,4.0,0.892587441873123,8465.068627264562,8509.828242773854,25395.205881793685,28.054156214183113,2.8054156214183115,0.2805415621418311,28.202494438109625,2.8202494438109627,0.28202494438109627,0.001104702846071261,0.0001104702846071261,1.104702846071261e-05
1.1022627977940027,0.9072246672947097,4.0,0.884753701875174,8317.134325431884,8365.152349423119,24951.40297629565,27.56388588138474,2.7563885881384738,0.27563885881384736,27.723022824682246,2.7723022824682246,0.2772302282468225,0.001104702846071261,0.0001104702846071261,1.104702846071261e-05
1.112531476096487,0.8988509731955417,4.0,0.8769816964470136,8171.654518970245,8222.679723095805,24514.963556910734,27.08175001265253,2.708175001265253,0.27081750012652533,27.250853077309156,2.7250853077309154,0.27250853077309156,0.001104702846071261,0.0001104702846071261,1.104702846071261e-05
1.1228958173881345,0.890554568389086,4.0,0.8692711226499974,8028.59302465261,8082.38038187847,24085.77907395783,26.607628692844838,2.6607628692844836,0.26607628692844837,26.785885832675014,2.6785885832675014,0.26785885832675016,0.001104702846071261,0.0001104702846071261,1.104702846071261e-05
1.1333567128651845,0.8823347394942835,4.0,0.8616216739994135,7887.914034246486,7944.22458449382,23663.74210273946,26.141403249592607,2.6141403249592607,0.26141403249592604,26.32802252495881,2.632802252495881,0.2632802252495881,0.001104702846071261,0.0001104702846071261,1.104702846071261e-05
1.1439150620262606,0.8741907797145897,4.0,0.8540330406309155,7749.582116448674,7808.18283729273,23248.746349346024,25.682956259711393,2.5682956259711394,0.2568295625971139,25.87716540900616,2.587716540900616,0.2587716540900616,0.001104702846071261,0.0001104702846071261,1.104702846071261e-05
1.1545717727497133,0.8661219887772007,4.0,0.8465049094633437,7613.562218546403,7674.225900817168,22840.68665563921,25.232171554706504,2.5232171554706504,0.25232171554706506,25.433217582079536,2.5433217582079535,0.25433217582079537,0.001104702846071261,0.0001104702846071261,1.104702846071261e-05
1.1653277613716857,0.8581276728728393,4.0,0.8390369643579596,7479.819667814587,7542.324795953715,22439.45900344376,24.788934225403704,2.4788934225403705,0.24788934225403703,24.996083004251734,2.4996083004251735,0.24996083004251735,0.001104702846071261,0.0001104702846071261,1.104702846071261e-05
1.176183952764908,0.8502071445960944,4.0,0.8316288862741289,7348.320172658949,7412.450809697752,22044.960517976848,24.353130625737602,2.4353130625737602,0.243531306257376,24.56566651750899,2.456566651750899,0.2456566651750899,0.001104702846071261,0.0001104702846071261,1.104702846071261e-05
1.1871412804182218,0.8423597228863163,4.0,0.8242803534214935,7219.029823514537,7284.575500548465,21657.08947054361,23.92464837572947,2.392464837572947,0.23924648375729468,24.14187386363061,2.414187386363061,0.2414187386363061,0.001104702846071261,0.0001104702846071261,1.104702846071261e-05
1.1982006865168502,0.8345847329690518,4.0,0.8169910414086595,7091.915093508815,7158.670703554311,21275.745280526444,23.50337636368476,2.3503376363684763,0.2350337636368476,23.724611700910213,2.372461170091021,0.23724611700910214,0.001104702846071261,0.0001104702846071261,1.104702846071261e-05
1.2093631220234118,0.8268815062980243,4.0,0.8097606233884488,6966.9428388985225,7034.708535028543,20900.82851669557,23.089204747640967,2.3089204747640966,0.23089204747640968,23.31378761978347,2.331378761978347,0.2331378761978347,0.001104702846071261,0.0001104702846071261,1.104702846071261e-05
1.2206295467596908,0.8192493804976467,4.0,0.8025887701997456,6844.080299289112,6912.661396953319,20532.240897867337,22.68202495609479,2.268202495609479,0.2268202495609479,22.90931015742381,2.2909310157423812,0.2290931015742381,0.001104702846071261,0.0001104702846071261,1.104702846071261e-05
1.2320009294891705,0.8116876993060663,4.0,0.7954751505059833,6723.29509764549,6792.50198109039,20169.885292936473,22.28172968803779,2.228172968803779,0.22281729688037788,22.511088811365696,2.2511088811365694,0.22511088811365695,0.001104702846071261,0.0001104702846071261,1.104702846071261e-05
1.2434782480003321,0.8041958125187348,4.0,0.78841943093031,6604.555240102535,6674.20327281528,19813.665720307607,21.888212912328395,2.1888212912328395,0.21888212912328395,22.119034052211493,2.2119034052211495,0.22119034052211492,0.001104702846071261,0.0001104702846071261,1.104702846071261e-05
1.2550624891907334,0.7967730759324995,4.0,0.7814212761874756,6487.82911558367,6557.738554690677,19463.487346751008,21.501369866427815,2.1501369866427815,0.21501369866427816,21.733057335474086,2.1733057335474086,0.21733057335474087,0.001104702846071261,0.0001104702846071261,1.104702846071261e-05
1.266754649151868,0.7894188512902095,4.0,0.7744803492124842,6373.085495235598,6443.081409793616,19119.256485706792,21.12109705452671,2.112109705452671,0.2112109705452671,21.353071112603523,2.135307111260352,0.21353071112603522,0.001104702846071261,0.0001104702846071261,1.104702846071261e-05
1.2785557332548152,0.782132506225836,4.0,0.767596311286055,6260.293531687057,6330.205724809674,18780.88059506117,20.747292245088595,2.0747292245088595,0.20747292245088594,20.97898884124151,2.097898884124151,0.20978988841241508,0.001104702846071261,0.0001104702846071261,1.104702846071261e-05
1.290466756236691,0.7749134142100945,4.0,0.7607688221569342,6149.4227581392715,6219.085692905904,18448.268274417816,20.37985446783551,2.037985446783551,0.20379854467835512,20.610724994742636,2.0610724994742635,0.20610724994742635,0.001104702846071261,0.0001104702846071261,1.104702846071261e-05
1.3024887422878988,0.7677609544965744,4.0,0.7539975401611079,6040.443087295642,6109.695816392994,18121.329261886924,20.01868401020091,2.001868401020091,0.2001868401020091,20.248195070997053,2.0248195070997053,0.20248195070997052,0.001104702846071261,0.0001104702846071261,1.104702846071261e-05
1.3146227251401998,0.7606745120683606,4.0,0.7472821223379544,5933.324810137874,6002.010909185415,17799.974430413622,19.6636824132736,1.9663682413273602,0.196636824132736,19.891315600583653,1.9891315600583652,0.19891315600583653,0.001104702846071261,0.0001104702846071261,1.104702846071261e-05
1.326869748155598,0.7536534775851511,4.0,0.7406222245433891,5828.038594555732,5896.006099067077,17484.115783667196,19.314752467256607,1.9314752467256606,0.19314752467256607,19.54000415427874,1.954000415427874,0.1954000415427874,0.001104702846071261,0.0001104702846071261,1.104702846071261e-05
1.339230864416055,0.7466972473308626,4.0,0.7340175015600429,5724.5554838372545,5791.656829768409,17173.666451511763,18.97179820646358,1.897179820646358,0.18971798206463578,19.194179349939656,1.9194179349939655,0.19194179349939655,0.001104702846071261,0.0001104702846071261,1.104702846071261e-05
1.3517071368140434,0.7398052231617178,4.0,0.7274676072045237,5622.846895026175,5688.9388628593715,16868.540685078526,18.634724903875107,1.8634724903875106,0.18634724903875108,18.853760858778454,1.8853760858778454,0.18853760858778454,0.001104702846071261,0.0001104702846071261,1.104702846071261e-05
1.3642996381439392,0.7329768124548135,4.0,0.7209721944318066,5522.884617153032,5587.828279461619,16568.653851459097,18.303439065276425,1.8303439065276426,0.18303439065276425,18.518669411036186,1.8518669411036186,0.18518669411036184,0.001104702846071261,0.0001104702846071261,1.104702846071261e-05
1.3770094511942694,0.7262114280571625,4.0,0.7145309154367999,5424.640809346358,5488.301481781598,16273.922428039074,17.977848422997692,1.797784842299769,0.17977848422997691,18.18882680106375,1.818882680106375,0.1818882680106375,0.001104702846071261,0.0001104702846071261,1.104702846071261e-05
1.3898376688408178,0.7195084882352062,4.0,0.7081434217531349,5328.087998830033,5390.335194465191,15984.263996490099,17.657861929277,1.7657861929277001,0.17657861929277,17.864155891811343,1.7864155891811344,0.17864155891811342,0.001104702846071261,0.0001104702846071261,1.104702846071261e-05
1.4027853941405954,0.7128674166247942,4.0,0.701809364349227,5233.199078812827,5293.90646577336,15699.59723643848,17.343389749266095,1.7343389749266094,0.17343389749266094,17.544580618724645,1.7544580618724646,0.17544580618724645,0.001104702846071261,0.0001104702846071261,1.104702846071261e-05
1.4158537404266922,0.7062876421816229,4.0,0.6955283937216528,5139.947306275863,5198.992668577071,15419.841918827591,17.034343253697774,1.7034343253697775,0.17034343253697773,17.23002599304213,1.723002599304213,0.1723002599304213,0.001104702846071261,0.0001104702846071261,1.104702846071261e-05
1.4290438314040055,0.6997685991321351,4.0,0.6893001599858947,5048.306299663663,5105.571501168991,15144.918898990989,16.730635011233773,1.6730635011233772,0.16730635011233772,16.920418104485115,1.6920418104485115,0.16920418104485116,0.001104702846071261,0.0001104702846071261,1.104702846071261e-05
1.442356801245867,0.6933097269248693,4.0,0.6831243129644956,4958.25003648415,5013.620987888365,14874.750109452449,16.432178780510924,1.6432178780510924,0.16432178780510923,16.615684123328652,1.6615684123328651,0.16615684123328653,0.001104702846071261,0.0001104702846071261,1.104702846071261e-05
1.4557937946915647,0.6869104701822606,4.0,0.677000502272676,4869.752850822967,4923.119479554893,14609.258552468902,16.138889501903307,1.6138889501903306,0.16138889501903309,16.315752301839467,1.6315752301839468,0.16315752301839467,0.001104702846071261,0.0001104702846071261,1.104702846071261e-05
1.4693559671447751,0.6805702786528858,4.0,0.6709283774014555,4782.789430777093,4834.045653706649,14348.368292331279,15.850683289017004,1.5850683289017005,0.15850683289017004,16.020551975064436,1.6020551975064437,0.16020551975064434,0.001104702846071261,0.0001104702846071261,1.104702846071261e-05
1.4830444847729145,0.674288607164148,4.0,0.6649075877983281,4697.334815812785,4746.3785146365835,14092.004447438354,15.567477419934018,1.556747741993402,0.15567477419934017,15.730013560951555,1.5730013560951555,0.15730013560951556,0.001104702846071261,0.0001104702846071261,1.104702846071261e-05
1.4968605246074125,0.6680649155754,4.0,0.6589377829455388,4613.36439405256,4660.09739322173,13840.09318215768,15.289190328221045,1.5289190328221045,0.15289190328221045,15.44406855978393,1.544406855978393,0.1544406855978393,0.001104702846071261,0.0001104702846071261,1.104702846071261e-05
1.5108052746449203,0.6618986687314994,4.0,0.6530186124360053,4530.853899495862,4575.181946538868,13592.561698487585,15.015741593718449,1.5015741593718448,0.15015741593718449,15.162649552906018,1.5162649552906018,0.15162649552906018,0.001104702846071261,0.0001104702846071261,1.104702846071261e-05
1.5248799339494656,0.6557893364167909,4.0,0.6471497260469325,4449.779409177836,4491.612157260167,13349.338227533508,14.74705193312415,1.474705193312415,0.1474705193312415,14.885690200720749,1.488569020072075,0.1488569020072075,0.001104702846071261,0.0001104702846071261,1.104702846071261e-05
1.539085712755553,0.6497363933095168,4.0,0.6413307738111651,4370.117340270545,4409.368332822319,13110.352020811635,14.483043190386722,1.4483043190386722,0.1448304319038672,14.61312523993592,1.461312523993592,0.1461312523993592,0.001104702846071261,0.0001104702846071261,1.104702846071261e-05
1.5534238325722305,0.6437393189366447,4.0,0.6355614060863242,4291.844447130771,4328.4311043625285,12875.533341392314,14.223638326921503,1.4223638326921502,0.14223638326921503,14.34489048003797,1.434489048003797,0.1434489048003797,0.001104702846071261,0.0001104702846071261,1.104702846071261e-05
1.5678955262881222,0.6377975976291141,4.0,0.6298412736217717,4214.937818298389,4248.78142541495,12644.813454895168,13.968761411662866,1.3968761411662867,0.13968761411662867,14.080922798971812,1.4080922798971813,0.14080922798971812,0.001104702846071261,0.0001104702846071261,1.104702846071261e-05
1.5825020382774402,0.6319107184774966,4.0,0.6241700276234494,4139.374873449237,4170.400570361317,12418.124620347713,13.718337610965715,1.3718337610965716,0.13718337610965714,13.82116013800607,1.382116013800607,0.1382116013800607,0.001104702846071261,0.0001104702846071261,1.104702846071261e-05
1.5972446245069847,0.6260781752880628,4.0,0.6185473198166339,4065.133360306126,4093.2701326298234,12195.400080918378,13.47229317836822,1.347229317836822,0.1347229317836822,13.565541495763961,1.3565541495763962,0.1356554149576396,0.001104702846071261,0.0001104702846071261,1.104702846071261e-05
1.6121245526441401,0.6202994665392579,4.0,0.6129728025066542,3992.191351511656,4017.372022636769,11976.574054534969,13.230555444228003,1.3230555444228003,0.13230555444228004,13.314006921401692,1.331400692140169,0.13314006921401692,0.001104702846071261,0.0001104702846071261,1.104702846071261e-05
1.6271431021658784,0.6145740953385767,4.0,0.607446128637613,3920.527241466251,3942.688465465956,11761.581724398753,12.993052805243032,1.2993052805243033,0.12993052805243033,13.066497506917724,1.3066497506917725,0.13066497506917724,0.001104702846071261,0.0001104702846071261,1.104702846071261e-05
1.6423015644687773,0.608901569379837,4.0,0.6019669518491565,3850.11974313475,3869.2019982814736,11550.35922940425,12.759714713868332,1.2759714713868333,0.1275971471386833,12.822955378578463,1.2822955378578462,0.12822955378578463,0.001104702846071261,0.0001104702846071261,1.104702846071261e-05
1.657601242980061,0.6032814009008491,4.0,0.5965349265313338,3780.9478848247772,3796.8954674702236,11342.84365447433,12.530471667639137,1.2530471667639138,0.12530471667639137,12.583323687448281,1.2583323687448282,0.1258332368744828,0.001104702846071261,0.0001104702846071261,1.104702846071261e-05
1.673043453269682,0.5977131066414731,4.0,0.5911497078775874,3712.991006939916,3725.752025511283,11138.973020819749,12.305255198410569,1.230525519841057,0.12305255198410568,12.34754659901424,1.234754659901424,0.1234754659901424,0.001104702846071261,0.0001104702846071261,1.104702846071261e-05
1.6886295231634374,0.5921962078020668,4.0,0.5858109519359195,3646.2287587107244,3655.7551275702353,10938.686276132174,12.083997861523855,1.2083997861523854,0.12083997861523856,12.115569281899335,1.2115569281899334,0.12115569281899335,0.001104702846071261,0.0001104702846071261,1.104702846071261e-05
1.7043607928571494,0.5867302300023132,4.0,0.5805183156582688,3580.6410949063306,3586.8885278173857,10741.923284718992,11.866633224908218,1.1866633224908218,0.11866633224908218,11.887337895660664,1.1887337895660663,0.11887337895660664,0.001104702846071261,0.0001104702846071261,1.104702846071261e-05
1.7202386150319011,0.5813147032404312,4.0,0.5752714569481455,3516.2082725294467,3519.136275470055,10548.624817588341,11.653095858127775,1.1653095858127775,0.11653095858127775,11.66279957767316,1.166279957767316,0.11662799577673161,0.001104702846071261,0.0001104702846071261,1.104702846071261e-05
1.73626435497035,0.5759491618527622,4.0,0.5700700347065585,3452.9108474973286,3452.482710560118,10358.732542491985,11.443321321381887,1.1443321321381887,0.11443321321381887,11.441902429102752,1.1441902429102753,0.11441902429102752,0.001104702846071261,0.0001104702846071261,1.104702846071261e-05
1.7524393906741254,0.5706331444737279,4.0,0.5649137088762763,3390.729671311222,3386.9124594292375,10172.189013933665,11.237246154467334,1.1237246154467333,0.11237246154467334,11.22459549997708,1.122459549997708,0.11224595499977079,0.001104702846071261,0.0001104702846071261,1.104702846071261e-05
1.768765112982316,0.5653661939961601,4.0,0.559802140484462,3329.645887716719,3322.4104299555142,9988.937663150156,11.03480786571039,1.103480786571039,0.11034807865710389,11.010828773366097,1.1010828773366097,0.11010828773366096,0.001104702846071261,0.0001104702846071261,1.104702846071261e-05
1.7852429256910665,0.5601478575319941,4.0,0.5547349916837153,3269.640929357274,3258.9618065165655,9808.922788071823,10.83594492087619,1.083594492087619,0.10835944920876191,10.800553148689165,1.0800553148689165,0.10800553148689165,0.001104702846071261,0.0001104702846071261,1.104702846071261e-05
1.8018742456742833,0.5549776863733283,4.0,0.549711925791567,3210.696514423154,3196.552044695428,9632.089543269462,10.640596732063008,1.0640596732063008,0.10640596732063008,10.593720424169843,1.0593720424169843,0.10593720424169843,0.001104702846071261,0.0001104702846071261,1.104702846071261e-05
1.8186605030054672,0.5498552359538397,4.0,0.5447326073284549,3152.794643297851,3135.1668657370806,9458.383929893553,10.448703646588086,1.0448703646588087,0.10448703646588087,10.390283278464205,1.0390283278464205,0.10390283278464205,0.001104702846071261,0.0001104702846071261,1.104702846071261e-05
1.8356031410806823,0.5447800658105574,4.0,0.5397967020542218,3095.9175952040273,3074.7922507647613,9287.752785612081,10.260206935871949,1.026020693587195,0.10260206935871949,10.190195251493071,1.019019525149307,0.10190195251493071,0.001104702846071261,0.0001104702846071261,1.104702846071261e-05
1.852703616742667,0.5397517395459891,4.0,0.5349038770031729,3040.047924850896,3015.4144347667493,9120.143774552687,10.075048784327448,1.0075048784327447,0.10075048784327448,9.993410724513572,0.9993410724513572,0.09993410724513571,0.001104702846071261,0.0001104702846071261,1.104702846071261e-05
1.869963400406104,0.5347698247905963,4.0,0.5300538005177223,2985.168459084865,2957.0199003656144,8955.505377254594,9.893172278259634,0.9893172278259634,0.09893172278259633,9.799884899469752,0.9799884899469753,0.09799884899469752,0.001104702846071261,0.0001104702846071261,1.104702846071261e-05
1.8873839761840585,0.529833893165616,4.0,0.5252461422806696,2931.2622935452077,2899.5953713833997,8793.786880635624,9.71452139478229,0.971452139478229,0.0971452139478229,9.60957377766689,0.960957377766689,0.0960957377766689,0.001104702846071261,0.0001104702846071261,1.104702846071261e-05
1.9049668420155876,0.5249435202462266,4.0,0.5204805733461358,2878.3127893264245,2843.127806217556,8634.938367979274,9.539040990756634,0.9539040990756634,0.09539040990756634,9.422434137818625,0.9422434137818625,0.09422434137818625,0.001104702846071261,0.0001104702846071261,1.104702846071261e-05
1.9227135097945485,0.520098285525052,4.0,0.515756766169195,2826.3035696488732,2787.604391043728,8478.91070894662,9.366676791757424,0.9366676791757425,0.09366676791757424,9.238423513520251,0.9238423513520251,0.09238423513520251,0.001104702846071261,0.0001104702846071261,1.104702846071261e-05
1.9406255054995967,0.5152977723760046,4.0,0.5110743946342331,2775.2185165391957,2733.0125328628087,8325.655549617586,9.197375381071538,0.9197375381071538,0.09197375381071538,9.057500170205913,0.9057500170205912,0.09057500170205912,0.001104702846071261,0.0001104702846071261,1.104702846071261e-05
1.9587043693254043,0.5105415680184596,4.0,0.5064331340820664,2725.041767521958,2679.33985241081,8175.125302565873,9.031084188733699,0.9031084188733699,0.09031084188733698,8.879623081651124,0.8879623081651123,0.08879623081651124,0.001104702846071261,0.0001104702846071261,1.104702846071261e-05
1.9769516558150935,0.5058292634817627,4.0,0.5018326613358521,2675.757712323881,2626.574176951213,8027.273136971644,8.867751480603953,0.8867751480603954,0.08867751480603953,8.704751906085855,0.8704751906085855,0.08704751906085856,0.001104702846071261,0.0001104702846071261,1.104702846071261e-05
1.9953689339939065,0.5011604535700633,4.0,0.4972726547258222,2627.3509895919597,2574.703532970439,7882.052968775879,8.707326347491145,0.8707326347491146,0.08707326347491146,8.532846961986525,0.8532846961986525,0.08532846961986525,0.001104702846071261,0.0001104702846071261,1.104702846071261e-05
2.0139577875041237,0.49653473682747307,4.0,0.4927527941128692,2579.8064836266717,2523.7161387979454,7739.419450880016,8.549758694326428,0.8549758694326428,0.08549758694326429,8.363869203618192,0.8363869203618192,0.08363869203618192,0.001104702846071261,0.0001104702846071261,1.104702846071261e-05
2.0327198147412324,0.49195171550354627,4.0,0.488272760911017,2533.1093211314637,2473.6003971732275,7599.327963394391,8.394999229390704,0.8394999229390704,0.08394999229390704,8.197780196400798,0.8197780196400798,0.08197780196400797,0.001104702846071261,0.0001104702846071261,1.104702846071261e-05
2.0516566289913714,0.487410995519078,4.0,0.48383223810880305,2487.2448679795934,2424.3448877825585,7461.73460393878,8.242999453599584,0.8242999453599584,0.08242999453599584,8.034542092175114,0.8034542092175114,0.08034542092175113,0.001104702846071261,0.0001104702846071261,1.104702846071261e-05
2.070769858570049,0.48291218643221934,4.0,0.47943091028960355,2442.1987259993775,2375.938359788834,7326.596177998133,8.09371164984936,0.8093711649849361,0.08093711649849361,7.874117604445826,0.7874117604445826,0.07874117604445825,0.001104702846071261,0.0001104702846071261,1.104702846071261e-05
2.0900611469621575,0.47845490140490415,4.0,0.4750684636509281,2397.9567297788153,2328.369724378122,7193.870189336446,7.947088872427173,0.7947088872427173,0.07947088872427173,7.716469983680007,0.7716469983680007,0.07716469983680006,0.001104702846071261,0.0001104702846071261,1.104702846071261e-05
2.109532152963294,0.47403875716958555,4.0,0.47074458602271135,2354.504943490497,2281.6280473467164,7063.514830471491,7.803084936488418,0.7803084936488418,0.07803084936488418,7.561562992739795,0.7561562992739794,0.07561562992739795,0.001104702846071261,0.0001104702846071261,1.104702846071261e-05
2.1291845508223894,0.4696633739962813,4.0,0.4664589668846317,2311.8296577377027,2235.702541752506,6935.488973213109,7.6616544076043684,0.7661654407604368,0.07661654407604368,7.409360882528237,0.7409360882528236,0.07409360882528236,0.001104702846071261,0.0001104702846071261,1.104702846071261e-05
2.1490200303856763,0.4653283756599206,4.0,0.46221129738247857,2269.9173864224363,2190.5825606542144,6809.752159267309,7.5227525913825115,0.7522752591382511,0.07522752591382512,7.259828367926344,0.7259828367926344,0.07259828367926344,0.001104702846071261,0.0001104702846071261,1.104702846071261e-05
2.169040297241993,0.46103338940799454,4.0,0.4580012703436004,2228.754863636237,2146.257589961831,6686.264590908711,7.386335523162349,0.7386335523162348,0.07386335523162349,7.112930604098641,0.7112930604098641,0.07112930604098641,0.001104702846071261,0.0001104702846071261,1.104702846071261e-05
2.189247072869438,0.4567780459285044,4.0,0.45382858029145395,2188.3290405744146,2102.7172414210186,6564.987121723244,7.252359957788844,0.7252359957788844,0.07252359957788844,6.96863316324273,0.696863316324273,0.0696863316324273,0.001104702846071261,0.0001104702846071261,1.104702846071261e-05
2.2096420947833986,0.4525619793182052,4.0,0.44969292345928263,2148.62708247441,2059.9512457536075,6445.881247423231,7.120783359465813,0.7120783359465813,0.07120783359465813,6.826902011856149,0.682690201185615,0.0682690201185615,0.001104702846071261,0.0001104702846071261,1.104702846071261e-05
2.230227116685951,0.4483848270511433,4.0,0.4455939978029477,2109.6363655788923,2017.9494459755804,6328.909096736677,6.9915638916913005,0.69915638916913,0.069915638916913,6.687703488591444,0.6687703488591443,0.06687703488591444,0.001104702846071261,0.0001104702846071261,1.104702846071261e-05
2.2510039086166582,0.4442462299474835,4.0,0.4415315030129357,2071.344474124159,1976.7017909129083,6214.033422372478,6.864660407276815,0.6864660407276815,0.06864660407276815,6.551004282766946,0.6551004282766946,0.06551004282766945,0.001104702846071261,0.0001104702846071261,1.104702846071261e-05
2.2719742571047687,0.4401458321426247,4.0,0.43750514052556677,2033.7391973543943,1936.1983289346533,6101.217592063183,6.740032438452244,0.6740032438452244,0.06740032438452244,6.416771413597593,0.6416771413597593,0.06416771413597594,0.001104702846071261,0.0001104702846071261,1.104702846071261e-05
2.2931399653228324,0.43608328105660055,4.0,0.43351461353342646,1996.8085265622587,1896.4292019214824,5990.4255796867765,6.617640187058066,0.6617640187058066,0.06617640187058066,6.284972210205935,0.6284972210205935,0.06284972210205936,0.001104702846071261,0.0001104702846071261,1.104702846071261e-05
2.3145028532417546,0.4320582273637612,4.0,0.42955962699504185,1960.5406521562695,1857.3846394864875,5881.621956468809,6.497444514826311,0.6497444514826312,0.06497444514826312,6.155574292469297,0.6155574292469297,0.06155574292469297,0.001104702846071261,0.0001104702846071261,1.104702846071261e-05
2.336064757787283,0.4280703249627371,4.0,0.42563988764382715,1924.9239607554046,1819.0549534638576,5774.771882266214,6.379406933751779,0.6379406933751779,0.0637940693375178,6.028545552754646,0.6028545552754646,0.06028545552754646,0.001104702846071261,0.0001104702846071261,1.104702846071261e-05
2.357827532997965,0.42411923094667797,4.0,0.4217551039963172,1889.9470323112837,1781.4305326794326,5669.841096933851,6.263489596554626,0.6263489596554626,0.06263489596554626,5.9038541385876355,0.5903854138587635,0.05903854138587636,0.001104702846071261,0.0001104702846071261,1.104702846071261e-05
2.3797930501845683,0.42020460557376765,4.0,0.4179049863597115,1855.5986372583009,1744.5018380157146,5566.795911774902,6.149655287235595,0.6149655287235596,0.061496552872355954,5.7814684362975175,0.5781468436297518,0.057814684362975176,0.001104702846071261,0.0001104702846071261,1.104702846071261e-05
2.4019631980909844,0.4163261122380114,4.0,0.41408924683874987,1821.8677336920084,1708.2593977823133,5465.6032010760255,6.037867411724879,0.603786741172488,0.060378674117248794,5.6613570556743,0.56613570556743,0.056613570556742994,0.001104702846071261,0.0001104702846071261,1.104702846071261e-05
2.4243398830566445,0.41248341744029093,4.0,0.4103075993419368,1788.7434645760227,1672.6938034012048,5366.2303937280685,5.9280899886255005,0.59280899886255,0.059280899886255005,5.54348881566922,0.554348881566922,0.0554348881566922,0.001104702846071261,0.0001104702846071261,1.104702846071261e-05
2.4469250291804308,0.4086761907596893,4.0,0.40655975958713897,1756.2151549777425,1637.7957054146189,5268.645464933227,5.820287640052179,0.5820287640052179,0.05820287640052179,5.427832731164454,0.5427832731164454,0.05427832731164454,0.001104702846071261,0.0001104702846071261,1.104702846071261e-05
2.46972057848613,0.40490410482507794,4.0,0.4028454451065699,1724.272309333048,1603.5558098216854,5172.816927999144,5.7144255825662515,0.5714425582566252,0.057144255825662515,5.314358000832365,0.5314358000832364,0.05314358000832365,0.001104702846071261,0.0001104702846071261,1.104702846071261e-05
2.4927284910894176,0.4011668352869677,4.0,0.39916437525118426,1692.904608740225,1569.9648747484493,5078.713826220675,5.610469618207444,0.5610469618207443,0.056104696182074434,5.203033996099569,0.5203033996099569,0.05203033996099569,0.001104702846071261,0.0001104702846071261,1.104702846071261e-05
2.5159507453664043,0.3974640607896191,4.0,0.39551627119449884,1662.1019082832536,1537.0137074542333,4986.305724849761,5.508386125622953,0.5508386125622953,0.05508386125622953,5.093830251225697,0.5093830251225697,0.05093830251225697,0.001104702846071261,0.0001104702846071261,1.104702846071261e-05
2.539389338123747,0.3937954629434098,4.0,0.3919008559358574,1631.8542343846123,1504.693161675825,4895.562703153837,5.40814205129436,0.540814205129436,0.054081420512943595,4.986716454501744,0.4986716454501744,0.04986716454501744,0.001104702846071261,0.0001104702846071261,1.104702846071261e-05
2.5630462847703535,0.390160726297457,4.0,0.38831785430315713,1602.1517821877096,1472.9941353094591,4806.455346563129,5.309704900862718,0.5309704900862717,0.053097049008627176,4.881662440567907,0.4881662440567907,0.04881662440567907,0.001104702846071261,0.0001104702846071261,1.104702846071261e-05
2.5869236194906735,0.38655953831249373,4.0,0.3847669929550556,1572.9849129690556,1441.9075684291695,4718.954738907167,5.213042730552211,0.5213042730552211,0.052130427305522115,4.778638183846185,0.47786381838461855,0.04778638183846185,0.001104702846071261,0.0001104702846071261,1.104702846071261e-05
2.611023395419619,0.38299158933399347,4.0,0.381248000382671,1544.3441515802165,1411.4244416386746,4633.032454740649,5.118124138692516,0.5118124138692516,0.05118124138692516,4.677613793078353,0.46776137930783535,0.04677613793078353,0.001104702846071261,0.0001104702846071261,1.104702846071261e-05
2.6353476848191026,0.37945657256554466,4.0,0.37776060691079594,1516.220183919637,1381.535774752719,4548.660551758911,5.024918257340142,0.5024918257340142,0.05024918257340141,4.57855950695578,0.457855950695578,0.045785595069557795,0.001104702846071261,0.0001104702846071261,1.104702846071261e-05
2.659898579256222,0.37595418404247066,4.0,0.3743045446986388,1488.6038544343376,1352.2326258025516,4465.811563303013,4.933394743998786,0.4933394743998786,0.04933394743998786,4.48144569082348,0.448144569082348,0.0448144569082348,0.001104702846071261,0.0001104702846071261,1.104702846071261e-05
2.6846781897831136,0.3724841226056918,4.0,0.3708795477401061,1461.486163651498,1323.5060903590743,4384.458490954494,4.8435237734387355,0.48435237734387354,0.048435237734387356,4.386242834436951,0.4386242834436951,0.04386242834436951,0.001104702846071261,0.0001104702846071261,1.104702846071261e-05
2.709688647118471,0.3690460898758302,4.0,0.3674853518636454,1434.8582657399397,1295.3473011661783,4304.574797219819,4.755276029615356,0.47552760296153557,0.04755276029615356,4.292921550747012,0.4292921550747012,0.04292921550747012,0.001104702846071261,0.0001104702846071261,1.104702846071261e-05
2.7349321018307595,0.36563979022755316,4.0,0.3641216947316592,1408.7114661014657,1267.747428075775,4226.134398304397,4.668622697686524,0.46686226976865236,0.04668622697686524,4.201452575684489,0.4201452575684489,0.04201452575684489,0.001104702846071261,0.0001104702846071261,1.104702846071261e-05
2.760410724523138,0.36226493076415295,4.0,0.36078831583950677,1383.0372189920192,1240.697678275134,4149.111656976058,4.583535456128897,0.45835354561288966,0.04583535456128897,4.111806768913639,0.4111806768913639,0.04111806768913639,0.001104702846071261,0.0001104702846071261,1.104702846071261e-05
2.786126706020096,0.35892122129236254,4.0,0.3574849565141077,1357.8271251726185,1214.1892967963483,4073.4813755178557,4.49998646895285,0.44999864689528496,0.0449998646895285,4.023955115520567,0.4023955115520567,0.04023955115520567,0.001104702846071261,0.0001104702846071261,1.104702846071261e-05
2.812082257555845,0.3556083742974013,4.0,0.3542113599121577,1333.0729295899637,1188.2135672969341,3999.218788769891,4.41794837801576,0.441794837801576,0.0441794837801576,3.9378687286002267,0.3937868728600227,0.039378687286002266,0.001104702846071261,0.0001104702846071261,1.104702846071261e-05
2.8382796109644475,0.3523261049182536,4.0,0.35096727101797476,1308.7665190866733,1162.761813099975,3926.29955726002,4.337394295433476,0.43373942954334754,0.043373942954334756,3.8535188527035658,0.3853518852703566,0.038535188527035656,0.001104702846071261,0.0001104702846071261,1.104702846071261e-05
2.8647210188717303,0.3490741309231744,4.0,0.34775243664098543,1284.899920141015,1137.825398481516,3854.6997604230446,4.258297796089546,0.42582977960895463,0.04258297796089546,3.770876868104092,0.3770876868104092,0.03770876868104092,0.001104702846071261,0.0001104702846071261,1.104702846071261e-05
2.891408754888979,0.34585217268542057,4.0,0.3445666054128636,1261.4652966360306,1113.3957301923967,3784.3958899080917,4.180632910241852,0.41806329102418516,0.04180632910241852,3.6899142958413917,0.36899142958413916,0.03689914295841392,0.001104702846071261,0.0001104702846071261,1.104702846071261e-05
2.9183451138084338,0.3426599531592075,4.0,0.34140952778433714,1238.4549476579434,1089.464259201193,3715.3648429738305,4.104374116226294,0.4104374116226294,0.04104374116226294,3.610602803497428,0.3610602803497428,0.03610602803497428,0.001104702846071261,0.0001104702846071261,1.104702846071261e-05
2.9455324118006194,0.339497197855886,4.0,0.33828095602166963,1215.861305323682,1066.0224826444298,3647.583915971046,4.02949633325697,0.40294963332569705,0.040294963332569704,3.5329142116597594,0.35329142116597595,0.035329142116597594,0.001104702846071261,0.0001104702846071261,1.104702846071261e-05
2.9729729866135,0.3363636348203404,4.0,0.33518064420283356,1193.6769326374065,1043.0619459698619,3581.0307979122194,3.9559749143224674,0.39559749143224676,0.03955974914322467,3.456820501024603,0.34568205010246034,0.03456820501024603,0.001104702846071261,0.0001104702846071261,1.104702846071261e-05
3.0006691977734956,0.3332589946076037,4.0,0.33210834821338325,1171.894521375857,1020.5742452581671,3515.683564127571,3.8837856391776824,0.38837856391776826,0.03883785639177682,3.382293820091179,0.3382293820091179,0.03382293820091179,0.001104702846071261,0.0001104702846071261,1.104702846071261e-05
3.0286234267883714,0.3301830102596892,4.0,0.3290638257420399,1150.5068900023684,998.5510297080559,3451.5206700071053,3.812904707430635,0.3812904707430635,0.03812904707430635,3.3093064933976333,0.33093064933976335,0.03309306493397633,0.001104702846071261,0.0001104702846071261,1.104702846071261e-05
3.056838077352011,0.32713541728263573,4.0,0.32604683627599934,1129.5069816093758,976.9840042694788,3388.5209448281275,3.743308731723711,0.37433087317237107,0.03743308731723711,3.237831030247771,0.3237831030247771,0.03237831030247771,0.001104702846071261,0.0001104702846071261,1.104702846071261e-05
3.0853155755511095,0.32411595362376394,4.0,0.32305714109597183,1108.8878618892159,955.8649324092647,3326.6635856676476,3.6749747310086764,0.36749747310086767,0.03674974731008676,3.167840133876685,0.3167840133876685,0.03167840133876685,0.001104702846071261,0.0001104702846071261,1.104702846071261e-05
3.114058370073782,0.32112435964914393,4.0,0.32009450327096634,1088.6427171330458,935.1856389932822,3265.9281513991373,3.6078801239148794,0.36078801239148794,0.03607880123914879,3.099306711002549,0.3099306711002549,0.03099306711002549,0.001104702846071261,0.0001104702846071261,1.104702846071261e-05
3.1430689324201144,0.31816037812127,4.0,0.31715868765282745,1068.7648522576778,914.9380132689221,3206.2945567730335,3.5420027222099626,0.35420027222099626,0.03542002722209962,3.03220388171089,0.303220388171089,0.0303220388171089,0.001104702846071261,0.0001104702846071261,1.104702846071261e-05
3.1723497571146884,0.3152237541769413,4.0,0.3142494608705347,1049.2476888601059,895.1140119314666,3147.7430665803176,3.4773207243523556,0.3477320724352356,0.034773207243523556,2.9665049896168676,0.29665049896168677,0.029665049896168676,0.001104702846071261,0.0001104702846071261,1.104702846071261e-05
3.201903361921065,0.3123142353053479,4.0,0.3113665913242752,1030.0847632995433,875.7056622577197,3090.25428989863,3.41381270913494,0.341381270913494,0.034138127091349404,2.9021836122504645,0.29021836122504646,0.029021836122504644,0.001104702846071261,0.0001104702846071261,1.104702846071261e-05
3.231732288058292,0.3094315713263569,4.0,0.3085098491792961,1011.2697248067152,856.7050652900566,3033.8091744201456,3.3514576294190377,0.3351457629419038,0.03351457629419038,2.839213571608773,0.2839213571608773,0.028392135716087733,0.001104702846071261,0.0001104702846071261,1.104702846071261e-05
3.261839100419407,0.3065755143690012,4.0,0.30567900635954864,992.7963336202102,838.1043990539532,2978.389000860631,3.2902348059580784,0.3290234805958078,0.03290234805958078,2.777568944819238,0.2777568944819238,0.02777568944819238,0.001104702846071261,0.0001104702846071261,1.104702846071261e-05
3.2922263877919886,0.3037458188501655,4.0,0.30287383654113054,974.6584591496492,819.895921791898,2923.9753774489473,3.230123921310142,0.3230123921310142,0.03230123921310142,2.717224074857189,0.2717224074857189,0.027172240748571892,0.001104702846071261,0.0001104702846071261,1.104702846071261e-05
3.3228967630807547,0.30094224145346926,4.0,0.30009411514553547,956.8500781654328,802.0719751965653,2870.5502344962983,3.1711050138385866,0.31711050138385866,0.03171105013838586,2.6581535812609305,0.265815358126093,0.026581535812609306,0.001104702846071261,0.0001104702846071261,1.104702846071261e-05
3.3538528635322367,0.29816454110834556,4.0,0.29733961933271924,939.3652730148428,784.6249876260928,2818.0958190445285,3.1131584718000123,0.3113158471800012,0.03113158471800012,2.600332370787518,0.2600332370787518,0.02600332370787518,0.001104702846071261,0.0001104702846071261,1.104702846071261e-05
3.3850973509615536,0.2954124789693109,4.0,0.2946101279939874,922.1982298642324,767.5474772843539,2766.5946895926973,3.05626502751869,0.305626502751869,0.030562650275186898,2.543735647952527,0.2543735647952527,0.02543735647952527,0.001104702846071261,0.0001104702846071261,1.104702846071261e-05
3.416632911981288,0.2926858183954287,4.0,0.2919054217447159,905.3432369670799,750.8320553492349,2716.0297109012395,3.0004057516467038,0.30004057516467036,0.030004057516467036,2.4883389253975032,0.24883389253975033,0.02488338925397503,0.001104702846071261,0.0001104702846071261,1.104702846071261e-05
3.448462258232501,0.28998432492996085,4.0,0.28922528291690985,888.7946829576445,734.4714290320748,2666.3840488729334,2.945562047508942,0.29455620475089417,0.029455620475089418,2.4341180340292774,0.24341180340292773,0.024341180340292774,0.001104702846071261,0.0001104702846071261,1.104702846071261e-05
3.4805881266178984,0.2873077662802074,4.0,0.2865694955516075,872.5470551699673,718.4584045516983,2617.641165509902,2.8917156455320816,0.28917156455320814,0.028917156455320815,2.3810491328762358,0.23810491328762357,0.023810491328762357,0.001104702846071261,0.0001104702846071261,1.104702846071261e-05
3.513013279537162,0.28465591229753323,4.0,0.2839378453911393,856.5949379819767,702.7858900067909,2569.78481394593,2.8388485977567752,0.2838848597756775,0.028388485977567754,2.329108718607678,0.2329108718607678,0.02329108718607678,0.001104702846071261,0.0001104702846071261,1.104702846071261e-05
3.545740505124489,0.2820285349575774,4.0,0.2813301198712445,840.9330111844184,687.4468981307591,2522.7990335532554,2.786943272432108,0.2786943272432108,0.02786943272432108,2.2782736346637296,0.22782736346637295,0.022782736346637297,0.001104702846071261,0.0001104702846071261,1.104702846071261e-05
3.5787726174883283,0.2794254083406464,4.0,0.27874610811305617,825.5560483743657,672.4345489137568,2476.668145123097,2.735982348691516,0.2735982348691516,0.02735982348691516,2.2285210799450152,0.22285210799450153,0.02228521079945015,0.001104702846071261,0.0001104702846071261,1.104702846071261e-05
3.6121124569533585,0.2768463086122882,4.0,0.2761856009149591,810.4589153730437,657.7420720771041,2431.376746119131,2.685948811309286,0.2685948811309286,0.026859488113092862,2.1798286170131562,0.21798286170131562,0.02179828617013156,0.001104702846071261,0.0001104702846071261,1.104702846071261e-05
3.64576289030472,0.2742910140040451,4.0,0.2736483907443265,795.636568667696,643.3628093860301,2386.909706003088,2.636825945536728,0.2636825945536728,0.02636825945536728,2.132174179755449,0.21321741797554492,0.021321741797554493,0.001104702846071261,0.0001104702846071261,1.104702846071261e-05
3.6797268110345125,0.2717593047943854,4.0,0.2711342717291443,781.0840538772429,629.2902167874407,2343.252161631729,2.5885973320172053,0.2588597332017205,0.02588597332017205,2.0855360804696597,0.20855360804696596,0.020855360804696597,0.001104702846071261,0.0001104702846071261,1.104702846071261e-05
3.714007139590608,0.2692509632898092,4.0,0.2686430396495238,766.7965042414411,615.5178663602497,2300.389512724323,2.5412468417790413,0.2541246841779041,0.025412468417790414,2.039893016327634,0.2039893016327634,0.02039893016327634,0.001104702846071261,0.0001104702846071261,1.104702846071261e-05
3.7486068236277656,0.26676577380613,4.0,0.2661744919291148,752.7691391333004,602.039448066795,2258.307417399901,2.49475863130551,0.249475863130551,0.0249475863130551,1.9952240751796788,0.19952240751796788,0.019952240751796788,0.001104702846071261,0.0001104702846071261,1.104702846071261e-05
3.78352883826109,0.2643035226499291,4.0,0.2637284276264205,738.9972625944814,588.8487712948607,2216.991787783444,2.449117137680984,0.24491171376809842,0.024491171376809843,1.9515087406649931,0.1951508740664993,0.019515087406649933,0.001104702846071261,0.0001104702846071261,1.104702846071261e-05
3.8187761863218546,0.26186399810018035,4.0,0.26130464742602044,725.4762618933916,575.9397661809496,2176.4287856801748,2.4043070738123076,0.24043070738123076,0.024043070738123076,1.908726896597135,0.1908726896597135,0.01908726896597135,0.001104702846071261,0.0001104702846071261,1.104702846071261e-05
3.8543518986156986,0.2594469903900453,4.0,0.25890295362970817,712.201606105735,563.3064847066315,2136.604818317205,2.3603134237245857,0.23603134237245857,0.023603134237245856,1.8668588305974394,0.18668588305974393,0.018668588305974395,0.001104702846071261,0.0001104702846071261,1.104702846071261e-05
3.890259034183247,0.25705229168883564,4.0,0.25652315014754656,699.16884471722,550.9431015610247,2097.50653415166,2.3171214379304055,0.23171214379304056,0.023171214379304056,1.8258852369533756,0.18258852369533757,0.018258852369533757,0.001104702846071261,0.0001104702846071261,1.104702846071261e-05
3.926500680563139,0.25467969608414276,4.0,0.2541650424888482,686.3736062481788,538.8439147637856,2059.1208187445363,2.2747166288716745,0.22747166288716744,0.022747166288716744,1.7857872186832018,0.1785787218683202,0.01785787218683202,0.001104702846071261,0.0001104702846071261,1.104702846071261e-05
3.96307995405752,0.25232899956413196,4.0,0.25182843775308345,673.8115968998103,527.0033460443105,2021.4347906994308,2.2330847664331253,0.22330847664331252,0.022330847664331254,1.7465462887926826,0.17465462887926825,0.017465462887926827,0.001104702846071261,0.0001104702846071261,1.104702846071261e-05
4.0,0.25,4.0,0.24951314462072213,661.4785992217898,515.4159409742414,1984.4357976653691,2.1922118735266265,0.21922118735266266,0.021922118735266265,1.7081443707142245,0.17081443707142246,0.017081443707142246,0.001104702846071261,0.0001104702846071261,1.104702846071261e-05
